ID,Name,City,State
1,Holy Family Catholic Church,Dale City,VA
3,St. Remy Catholic Church,Russia,OH
5,St. Catherine of Siena Catholic Church,Wake Forest,NC
9,Our Lady of Hope,Bedford,OH
16,St. Augustine,N. Chesterfield,VA
20,"Mary, Queen of Peace Parish",Pittsburgh,PA
23,St. Patrick,Bryan,OH
30,St. Andrew the Apostle Church,Norton,OH
36,Holy Spirit Catholic Parish,Avon Lake,OH
39,Blessed Trinity Parish,Akron,OH
42,Nativity of the Lord Jesus,Akron,OH
46,St. Mary,Defiance,OH
54,St. Anthony of Padua Church,Parma,OH
61,Holy Family Catholic Church,Dale City,VA
69,Saints Peter and Paul Catholic Church,Garfield Heights,OH
77,Guardian Angels Parish,Copley,OH
80,St. Richard Church,North Olmsted,OH
83,St. Christopher,Rocky River,OH
84,Divine Mercy Parish,Massillon,OH
85,St. Paul Croatian,Cleveland,OH
90,St. Adalbert Church,Berea,OH
94,Immaculate Conception Roman Catholic Church,Hendersonville,NC
107,Holy Trinity Catholic Church,Norfolk,VA
116,St. Joseph Church,Strongsville,OH
120,St. Paul Catholic Church,Richmond,VA
121,Our Lady of Nazareth Church,Roanoke,VA
125,Central Virginia Catholic Cluster,Farmville,VA
127,St. John XXIII Catholic Church,Redford,MI
131,La Sagrada Familia Catholic Church,Cleveland,OH
134,St. Victor and Mother of Sorrows,Peninsula,OH
138,Saint Joseph Parish,Avon Lake,OH
141,Saint Peter Parish,North Ridgeville,OH
147,St. Anthony of Padua Roman Catholic Church,Lorain,OH
148,St. Vincent de Paul,Niagara Falls,NY
149,St. Teresa of Avila,Akron,NY
150,The Catholic Parishes of Fredonia,Fredonia,NY
152,The Apostle Thomas,Vienna,OH
154,St. Michael The Archangel Catholic Church,Monroe,MI
155,St. Leo the Great Catholic Church,Winston-Salem,NC
156,St. Aloysius,Springville,NY
157,Saint Barbara,Dearborn,MI
164,St. John Neumann Church,Strongsville,OH
169,St. Julie Billiart Parish,N. Ridgeville,OH
172,St. Patrick's,Hubbard,OH
175,Blessed Mary Angela Parish,Dunkirk,NY
182,St. Ann's Church,Johnston,NC
184,St. Lucien & St. Bernadette,Spruce Pine,NC
188,Our Lady of the Woods Catholic Church,Downriver,MI
192,Holy Spirit Catholic Church,Virginia Beach,VA
198,Saint Joseph Catholic Church,Huntington,WV
199,St. Anthony of Padua Church,Fairport Harbor,OH
200,Nativity of the Blessed Virgin Mary,Lorain,Ohio
202,St Bartholomew,Sharpsville,OH
204,St. Vincent de Paul Church,St. Michael,FL
205,Our Mother of Good Counsel Roman Catholic Church,Blasdell,NY
206,Annunciation,Elma,NY
208,St. John Gualbert,Cheektowaga,NY
209,Epiphany of Our Lord Catholic Church,North Collins,NY
216,St. Joan of Arc Catholic Church,Chagrin Falls,OH
219,St. Lucy Catholic Church,St. Clair Shores,MI
220,St. Ann Catholic Church,Fayetteville,NC
230,Sacred Heart of Mary,Weirton,WV
235,Our Lady of Lourdes Church,Erath,LA
240,Transfiguration Parish,Lakewood,OH
241,Saint Bridget of Kildare,Parma,OH
242,The Shrine Church of Saint Stanislaus Bishop & Martyr,Cleveland,OH
244,Blessed Trinity Catholic Church,Cleveland,OH
245,St. Matthew Catholic Church,Durham,NC
246,Blessed Sacrament Catholic Church,Norfolk,VA
247,Sacred Heart,Norfolk,VA
250,St. Joan of Arc Parish,LaPlace,LA
255,St. Matthew the Apostle Church,River Ridge,LA
262,Saint Michael Catholic Church,Crowley,LA
265,Our Lady of Guadalupe Church,New Orleans,LA
271,St. Agnes Parish,Jefferson,LA
272,Cabrini Church,Alexandria,LA
276,Church of Our Lady of the Holy Rosary,Hahnville,LA
282,Holy Name of Jesus,New Orleans,LA
285,St. John the Baptist Catholic Church,Brusly,LA
288,St. Bartholomew,Middleburg Heights,OH
289,Holy Family,Diocese of Youngstown,OH
290,St. Brendan Parish,North Olmsted,OH
296,Our Lady of the Holy Rosary Catholic Church,Stamant,LA
298,Immaculate Conception Jesuit Church,New Orleans,LA
301,St. Joan of Arc,Saint Clair Shores,MI
302,St. Perpetua Catholic Church,Waterford,MI
305,St. Basil,Eastpointe,MI
308,Saint Matthew Church,Detroit,MI
312,St. Anselm,Dearborn Heights,MI
316,St. Blase Catholic Church,Sterling Heights,MI
317,St. Michael Catholic Community,Sterling Heights,MI
318,St. Malachy Church,Sterling Heights,MI
319,St. Sabina,Dearborn Heights,MI
320,"St. Mary, Our Lady of the Snows",Milford,MI
330,St. Robert Bellarmine Church,Cortland,OH
331,Saint Elizabeth Ann Seton,Warren,OH
333,St. Mary and St. Joseph Parish,Warren,OH
342,Holy Redeemer Catholic Church,Cleveland,OH
343,Sacred Heart Church,Altoona,PA
345,St. Isaac Jogues,St. Clair Shores,MI
346,St. Boniface Catholic Church,Fuquay-Varina,NC
355,Our Lady of Perpetual Help Catholic Church,Salem,VA
356,Northeast 10 Family of Parishes,Tipp City,OH
357,St. Bernard,Buffalo,NY
361,St. Mildred,Somerset,KY
400,St. Francis of Assisi Parish,Athol Springs,NY
402,St. Mary's Parish,Arcade,NY
405,Roman Catholic Church,Angola,NY
414,Communion of Saints,Cleveland Heights,OH
415,St. Aloysius Gonzaga,Cheektowaga,NY
423,St. Gabriel’s Church,Elma,NY
426,Immaculate Conception Parish,East Aurora,NY
428,Central Niagara Catholic Family,Lockport,NY
432,Saint Louis,Buffalo,NY
434,St. Mary's Catholic Church,Swormville,NY
439,Nativity of the Blessed Virgin Mary,Williamsville,NY
440,Our Lady of Czestochowa,Cheektowaga,NY
443,Our Lady of Pompeii,Lancaster,NY
446,St. Philip the Apostle Church,Cheektowaga,NY
449,Queen of Martyrs Church,Cheektowaga,NY
453,Our Lady of the Sacred Heart,Orchard Park,NY
457,Good Shepherd,Clarence Center,NY
462,Our Lady of Mount Carmel,Silver Creek,NY
465,St. Timothy,Tonawanda,NY
467,St. Vincent de Paul Roman Catholic Church,Buffalo,NY
504,Our Lady of Mercy,LeRoy,NY
507,St Albert The Great Catholic Parish,Kettering,OH
509,St. Barnabas Catholic Church,Northfield,OH
512,Prince of Peace Church,Barberton/Norton,OH
518,St. Michael Parish,Glendale,OH
522,St. Joseph Catholic Church,Maumee,OH
523,St. Francis de Sales,Parma,OH
524,Saints Joachim and Anne Parish,Elizabeth,PA
526,St. Jude,Cincinnati,OH
550,St. John Baptist de La Salle,Export,PA
551,Church Of St. Patrick,Newry,PA
560,St. Angela Merici,White Oak,PA
566,Basilica of Saint John the Baptist,Canton,OH
568,St. Malachi Parish,Cleveland,OH
571,Mary Queen of the Apostles,Brook Park,OH
573,Sacred Heart Church,Rock Creek,OH
582,Our Lady of Mount Carmel,Cleveland,OH
593,St. Frances Xavier Cabrini & Vincent de Paul,Diocese of Toledo,OH
598,St. Joseph Byzantine,Brecksville,OH
599,St. Hilary Parish,Fairlawn,OH
600,Marion Catholic Community,Maria Stein,OH
607,St. Peter Catholic Church,Raleigh,NC
629,The Catholic Community of St. Thomas More,Chapel Hill,NC
632,Saint Andrew,Apex,NC
638,St. Michael Cary,Cary,NC
641,Saint Joan of Arc Parish,Streetsboro,OH
644,St. Francis of Assisi Parish,Cabot,PA
645,Holy Spirit Catholic Church,Uniontown,OH
654,St. Thomas More Catholic Church,Lynchburg,VA
655,Sacred Heart Catholic Church,Danville,VA
656,Our Lady of Perpetual Help Parish,Aurora,OH
657,Cluster Parishes of Portsmouth & Chesapeake,Portsmouth,VA
658,St. Thomas Aquinas University Parish,Charlottesville,VA
662,St John Catholic Church,Highland Springs,VA
670,St. Thomas More Church,Brooklyn,OH
673,Corpus Christi Parish,Bridgeville,PA
674,Our Lady of the Lake Parish,Euclid,OH
675,St. Thomas the Apostle Parish,Homestead,PA
676,Immaculate Heart of Mary,High Point,NC
678,St. Clarence Church,North Olmsted,OH
681,Saint Dominic Church,Mayville,NY
689,St. Sebastian,Akron,OH
691,Holy Name Church,Cleveland,OH
696,Assumption Grotto,Detroit,MI
702,Saint Francis of Assisi,Masontown,PA
710,Guardian Angels Offertory,Natrona Heights,PA
712,Saint Paul Catholic Parish,North Canton,OH
713,St. John the Evangelist & St. Saviour,Cincinnati,OH
718,Our Lady of Sorrows,Monroe,OH
723,Archangel Gabriel,Robinson Township,PA
726,St. Paul the Apostle Parish,New Middletown,OH
729,St. Aloysius Catholic Church,Bowling Green,OH
730,Our Lady of the Angels & Saint Maria Goretti,Lawrenceville,PA
732,St. John the Baptist and St. Joseph,Scottdale,PA
791,St. Andrew's Catholic Church,Roanoke,VA
796,St. Leo Catholic Church,Inwood,WV
799,Holy Ghost,Opelousas,LA
800,Notre Dame Church,St. Martinville,LA
803,Sacred Heart,Baton Rouge,LA
804,St. Joseph Catholic Church,Broussard,LA
805,St. Francis of Assisi,Breaux Bridge,LA
807,Sacred Heart Catholic Church,Hattiesburg,MS
808,St. Bernard ,Breaux Bridge,LA
816,Saint Pius the Tenth Catholic Church,Greensboro,NC
821,Church of the Redeemer,Mechanicsville,VA
822,Church of the Ascension,Virginia Beach,VA
823,Saint Joseph,Hampton,VA
825,St. Patrick Catholic Church,Baton Rouge,LA
827,Mother of Christ,Miami,FL
831,Our Lady of the Lake,Delcambre,LA
833,St. Joseph Cathedral,Baton Rouge,LA
838,Holy Spirit Catholic Church,Tuscaloosa,AL
840,Our Lady of Mount Carmel,St. Francisville,LA
843,Our Lady of Mercy Parish,Baton Rouge,LA
855,St. Joseph Roman Catholic Church,Milton,LA
857,St. George Catholic Church,Baton Rouge,LA
875,Mary Queen of Peace Parish,Cleveland,OH
882,St. Colman Church,Cleveland,OH
884,Divine Word Catholic Church,Kirtland,OH
885,Sacred Heart of Jesus Church,South Euclid,OH
886,St. Mary of the Assumption Church,Mentor,OH
892,Holy Family Church,Diocese of Steubenville,OH
894,St. Jude,Columbiana,OH
897,Triumph of the Cross,Steubenville,OH
900,Sacred Heart of Jesus Parish,Anna,OH
908,St. Patrick Catholic Church,Lexington,VA
910,Saint Bridget Church,Richmond,VA
912,Saint Francis of Assisi Catholic Church,Pikeville,KY
917,Saint Louis Parish,Louisville,OH
919,St. Mary of the Assumption Catholic Church,Springboro,OH
920,St. Anne Church,Rittman,OH
921,Sacred Heart Church,Richmond,VA
928,Saint Mark Parish,Richmond,KY
931,Saint Bernadette Church,Orchard Park,NY
935,Fourteen Holy Helper Parish,West Seneca,NY
937,Immaculate Conception Church,Eden,NY
938,Queen of Angels Parish,Lackawanna,NY
939,Holy Cross Church,Buffalo,NY
940,St. Thomas Aquinas,Buffalo,NY
941,St. John de LaSalle Church,Niagara Falls,NY
942,St. Joseph's Church,Batavia,NY
945,St. John Paul II Parish,Lake View,NY
948,St. Andrew R.C. Church,Sloan,NY
949,St. John the Evangelist Church,Olean,NY
950,St. Joseph Church,Gowanda,NY
951,St. Bonaventure,Allegany,NY
954,Mary Immaculate Parish Community,East Bethany,NY
956,St. Mary of the Lake Church,Hamburg,NY
957,St. Peter Roman Catholic Parish,Lewiston,NY
958,Saints Roman Catholic Faith Community,Williamsville,NY
961,Holy Redeemer Parish,Warren,PA
962,St. John the Baptist Church,Erie,PA
963,Sacred Heart Catholic Church,St. Marys,PA
964,St. John the Baptist Roman Catholic Church,Alden,NY
966,St. Mary's Church,St. Marys,PA
969,Holy Family Parish,Albion,NY
983,Saint Francis of Assisi,Fairfield Glade,TN
992,Our Lady of Perpetual Help,Rocky Mount,NC
994,St. Mark,Virginia Beach,VA
1003,Assumption Parish,Buffalo,NY
1005,Blessed Sacrament,Town of Tonawanda,NY
1007,Holy Spirit Church,Buffalo,NY
1008,Infant of Prague Parish,Cheektowaga,NY
1009,Nativity of Our Lord R.C. Church,Orchard Park,NY
1010,Our Lady of Czestochowa,North Tonawanda,NY
1013,Queen of Heaven Catholic Church,West Seneca,NY
1014,St. Amelia,Tonawanda,NY
1017,Saint Benedict,Amherst,NY
1018,St. Francis of Assisi,Tonawanda,NY
1019,St. Gregory The Great Parish,Williamsville,NY
1020,St. James Church,Depew,NY
1021,St. John the Baptist RC Church,Kenmore,NY
1022,Saint John Vianney,Orchard Park,NY
1023,Saint Joseph Cathedral,Buffalo,NY
1025,St. Mark Church,Buffalo,NY
1026,St. Mary's on the Hill,Lancaster,NY
1027,St. Paul's,Kenmore,NY
1028,St. Pius X,Getzville,NY
1031,St. Teresa,Buffalo,NY
1033,St. John XXIII Parish,West Seneca,NY
1034,Our Lady of Charity Parish,Buffalo,NY
1035,Ss. Peter & Paul,Hamburg,NY
1036,Our Lady of Peace Church,Clarence,NY
1037,Holy Trinity/St. Mary and St. Stephen Sites,Medina,NY
1038,Christ the King Church,Snyder,NY
1039,Holy Family of Jesus Mary & Joseph Parish,Niagara Falls,NY
1041,St. Stephen R. C. Church,Grand Island,NY
1042,St. Michael Church,Buffalo,NY
1045,St. Mary of the Cataract,Niagara Falls,NY
1046,St. Jude the Apostle Parish,North Tonawanda,NY
1060,St. Angela Merici Parish,Fairview Park,OH
1067,St. Vincent Ferrer Parish,Cincinnati,OH
1071,St. Mary,Avon,OH
1072,St. Rose and St. John Catholic Parishes,Lima,OH
1073,Holy Cross Catholic Church,Fairview,PA
1075,St. Edward,Church Point,LA
1078,"Cresson Catholic Community of St. Aloysius Parish, St. Francis Xavier Parish & All Saints Catholic School",Cresson,PA
1079,All Saints Parish,Rossford,OH
1081,Our Lady of Mercy Catholic Church,Winston-Salem,NC
1083,Saint Elizabeth Ann Seton Church,North Huntingdon,PA
1085,Immaculate Conception,Celina,OH
1086,St. Mary Church,Tiffin,OH
1087,St. Michael & Ss. Peter & Paul Parish,Ft. Loramie,OH
1088,St. Colette,Brunswick,OH
1089,Holy Trinity Parish,Avon,PH
1094,The Parish of St. Bede the Venerable,Mentor,OH
1097,Hispanic Apostolate,Arlington,VA
1101,St. Mary of the Immaculate Conception,Wooster,OH
1103,Christ Our Savior Parish,Struthers,OH
1107,Saint James Roman Catholic Church,Erie,PA
1108,Holy Name of Jesus Cathedral,Raleigh,NC
1110,Saint Mary Catholic Church,Richmond,VA
1114,Holy Name of Mary Roman Catholic Church,Bedford,VA
1116,Our Lady of Mount Carmel,Erie,PA
1118,St. Joseph Parish,Martinsburg,WV
1119,St. Mary's Catholic Church,Blacksburg,VA
1120,Christ the King Parish,Pittsburgh,PA
1122,Cathedral,Nashville,TN
1125,Saint Matthew Catholic Church,Monroe,LA
1126,Immaculate Conception,Hampton,VA
1130,St. John Cantius Church,Cleveland,OH
1131,St. Stephen Catholic Community,Old Hickory,TN
1133,Our Lady of the Lake Church,Lake Arthur,LA
1134,Sacred Heart of Jesus Roman Catholic Church,Cullman,AL
1136,Saint Mary of the Immaculate Conception,Bedford,OH
1137,St. Patrick Church,Cleveland,OH
1142,St. John Vianney Parish,Mentor,OH
1145,Immaculate Heart of Mary Parish,Austintown,OH
1146,Saint Andrew the Apostle,Monongahela,PA
1147,Catholic Communities of S.E. Allegany County,Wellsville,NY
1148,Saint Raphael Church,Pittsburgh,PA
1151,Saint Matthew Parish,Pittsburgh,PA
1153,Our Lady Queen of the Americas Church,Conneaut Lake,PA
1154,Saint Thomas the Apostle Church,Corry,PA
1155,Immaculate Conception Parish,Clarion,PA
1156,St. Francis of Assisi Church,Finleyville,PA
1158,St. Regis Parish,Trafford,PA
1161,Saint Michael the Archangel Parish,Pittsburgh,PA
1162,Saint Thomas More University Parish,Indiana,PA
1164,St. Julia Parish,Erie,PA
1166,Saint Patrick Roman Catholic Church,Franklin,PA
1167,St. Gregory Thaumaturgus Church,North East,PA
1169,St. Catherine of Sweden,Allison Park,PA
1170,Immaculate Conception Church,Madison,OH
1171,Most Sacred Heart of Jesus Parish,Cresent,PA
1173,Saint Callistus Catholic Church,Kane,PA
1174,All Saints Roman Catholic Church,Waterford,PA
1175,Saint Titus Catholic Church,Titusville,PA
1178,St Luke,Erie,PA
1180,Saint Paul Cathedral,Pittsburgh,PA
1181,Holy Spirit Parish,Pittsburgh,PA
1182,St. Joseph the Worker Parish,Braddock,PA
1183,The Epiphany of the Lord Parish,Meadville,PA
1184,Saint John the Evangelist,Girard,PA
1185,Ss. Cosmas & Damian Parish,Punxsutawney,PA
1186,St. Tobias Parish,Brockway,PA
1187,St. Bernard of Clairvaux Church,Bradford,PA
1188,Holy Trinity Parish,Ligonier,PA
1189,Sacred Heart of Jesus,Erie,PA
1195,St. Patrick Church,Erie,PA
1197,St. Joseph Parish,Force,PA
1198,Saint Augustine Parish,St. Augustine,FL
1199,Our Lady of Mercy Church,Harborcreek,PA
1201,Church of Saints Simon and Jude,Blairsville,PA
1203,Saint Elizabeth of Hungary,Smethport,PA
1204,Immaculate Conception Church,Irwin,PA
1206,Church of the Good Shepherd,Kent,PA
1208,Saint Luke,Ambridge,PA
1210,Our Lady of the Lake,Edinboro,PA
1211,Saint Katharine Drexel Parish,Bentleyville,PA
1212,St. Michael's Catholic Church,Johnstown,PA
1216,St. Florian,United,PA
1220,Queen of the World Church,St. Marys,PA
1221,Holy Trinity,Dunkirk,NY
1223,Resurrection Parish,Pittsburgh,PA
1224,Holy Family Parish,Oakmont,PA
1225,Triumph of the Holy Cross Parish,Pittsburgh,PA
1226,Shrines of Pittsburgh of the Diocese of Pittsburgh,Pittsburgh,PA
1229,"St. Olaf, Patron of Norway Catholic Church",Williamsburg,VA
1230,St. John the Evangelist,Wellsburg,WV
1233,Saint Benedict Catholic Church,Greensburg,PA
1234,St. Bruno Catholic Church,South Greensburg,PA
1235,St. Jerome Catholic Church,Walbridge,OH
1236,Holy Family Parish,Stow,OH
1241,St. Francis Xavier,Medina,OH
1244,St. Nicholas Catholic Church,Virginia Beach,VA
1246,Blessed Sacrament,Harrisonburg,VA
1247,St. Michael the Archangel,Convent,LA
1249,Holy Family Catholic Church,Nashville,TN
1251,St. Valentine,Pittsburgh,PA
1253,Saint Joseph Catholic Church,Florence,AL
1256,Holy Infant of Prague Catholic Church,Trussville,AL
1259,The Cathedral of St. John the Evangelist,Cleveland,OH
1264,Holy Rosary,Nashville,TN
1271,St. Edward The Confessor Catholic Church,N. Chesterfield,VA
1273,Our Lady of Perpetual Help Catholic Church,Stonewood,WV
1276,Saints Peter and Paul,Beaver,PA
1281,All Saints Church,Knoxville,TN
1283,Church of the Epiphany,N. Chesterfield,VA
1285,St. Edward,Ashland,OH
1286,St. Gabriel Church,Painesville,OH
1287,St. Charles Catholic Church,Arlington,VA
1292,Good Shepherd Catholic Parish,Huntsville,AL
1298,Santa Rosa de Lima,Murfreesboro,TN
1300,St. Michael the Archangel,Canton,OH
1302,Holy Rosary & Cabrini,Kaplan,LA
1303,Saint Matthew,Virginia Beach,VA
1304,St. Boniface Catholic Church,Erie,PA
1310,Our Lady of the Lakes Parish,Bairdford,PA
1311,Saint Ignatius,Cleveland,OH
1312,St. John the Apostle,Virginia Beach,VA
1314,The Basilica of Sts. Peter & Paul,Chattanooga,TN
1316,St. Genevieve Catholic Church,Lafayette,LA
1317,Saint John of the Cross,Cleveland,OH
1318,Immaculate Conception Catholic Church,Willoughby,OH
1319,Epiphany of Our Lord Catholic Church,Monessen,PA
1322,All Saints Parish,Butler,PA
1323,Saint Ann Catholic Church,Chesterfield,VA
1326,Star of the Sea,Virginia Beach,VA
1327,Holy Spirit Catholic Church,Christiansburg,VA
1334,St. Alphonsus Catholic Church,Crossville,TN
1336,Newman Catholic Student Center Parish,Chapel Hill,NC
1340,St. John Vianney Parish,Bell City,LA
1344,Gesu & St. Pius X Parishes,Toledo,OH
1345,St. James Roman Catholic Church,Gadsden,AL
1346,St. Francis Xavier Catholic Church,Birmingham,AL
1348,Our Lady of Victory Parish,Cincinnati,OH
1352,Saint Jude Church,Elyria,OH
1355,Our Lady of Lourdes Catholic Church,Richmond,VA
1356,Saint Philip Catholic Parish,Pittsburgh,PA
1358,St. Elizabeth Catholic Church,Columbus,OH
1360,Our Lady of the Valley,Fort Payne,AL
1362,Saint Rose Parish,Perrysburg,OH
1365,St. Francis de Sales Parish,Morgantown,WV
1367,St. Mary of the Snows,Mansfield,OH
1368,St. Francis Xavier,Parkersburg,WV
1370,Roman Catholic Parish,Toledo,OH
1377,Saint Richard Roman Catholic Church,Swanton,OH
1380,Saint Joan of Arc Church,South Park,PA
1381,Saint Augustine,Signal Mountain,TN
1382,Our Lady of Grace Catholic Church,Greensboro,NC
1383,Holy Spirit Catholic,Soddy Daisy,TN
1384,St. Raymond of the Mountains Church,Donegal,PA
1385,St. Edward Church,Nashville,TN
1387,St. Joseph & St. Stephen the Martyr Churches,,LA
1388,Immaculate Conception Catholic Church,Denham Springs,LA
1395,Church of the Resurrection,Clymer,PA
1396,Our Lady of Fatima,Aliquippa,PA
1397,Holy Martyrs Catholic Church,Medina,OH
1402,Maria Immacolata Church,Houma,LA
1406,Our Lady of Mount Carmel,Buckeye Lake,OH
1407,Ss. Francis & John Catholic Parish,Georgetown,KY
1414,St. Joseph Parish,Cuyahoga Falls,OH
1416,St. Peter the Fisherman,Fairmont,WV
1417,St. Elizabeth Ann Seton Catholic Church,Fayetteville,NC
1418,St. Bernadette Catholic Church,Houma,LA
1419,Our Lady of Perpetual Help,Kenner,LA
1420,St. Michael of the Archangel Catholic Church,Loveland,OH
1421,St. Theresa of Avila Catholic Church,Gonzales,LA
1422,St. Barbara Parish,Erlanger,KY
1423,St. Therese Little Flower Parish,Cincinnati,OH
1439,Saint Aidan Parish,Wexford,PA
1440,Saint Henry Catholic Church,Nashville,TN
1445,St. John the Baptist,Boston,NY
1451,St. Joseph Catholic Church,Petersburg,VA
1453,Prince of Peace,Hoover,AL
1454,Saint Mary's Catholic Church,Greenville,OH
1455,St. John the Baptist,Boston,NY
1456,Our Lady of the Valley,Birmingham,AL
1458,St. Ann,Waynesburg,PA
1459,St. Joseph's Church,Galliano,LA
1461,Blessed Sacrament,Ft. Mitchell,KY
1463,Church of the Beloved Disciple,Grove City,PA
1466,St. Francis University Parish,Tuscaloosa,AL
1469,St. Columba Catholic Church,Dothan,AL
1472,St. Aloysius,Cleveland,OH
1477,St Xavier Church,Cincinnati,OH
1482,Immaculate Heart of Mary Church,Mercer,PA
1485,Saint Ambrose Catholic Parish,Brunswick,OH
1487,St. Henry,St. Henry,OH
1490,St. Paul Roman-Catholic Church,Norwalk,OH
1494,Church of the Assumption of the Blessed Virgin Mary,Broadview Heights,OH
1499,Assumption Parish,Geneva,OH
1501,St. Thomas the Apostle Catholic Church,Lenoir City,TN
1509,St. Mary's Nativity Church,Raceland,LA
1512,Immaculate Heart of Mary Parish,Lake Charles,LA
1514,St. William Church,Williamstown,KY
1517,Immaculate Conception Church,Clarksburg,WV
1521,St. John the Baptist,Cincinnati,OH
1522,Toledo St. Patrick's,Toledo,OH
1523,All Saints Catholic Community,New Riegel,OH
1525,Holy Cross - Immaculata,Cincinnati,OH
1526,St. Therese Catholic Church,Mooresville,NC
1527,St. Peter Catholic Church,Charlotte,NC
1529,Saint Ann Catholic Church,Nashville,TN
1532,St. Mary Magdalene,Willowick,OH
1535,St. Faustina Parish,Slippery Rock,PA
1538,Church of the Resurrection,New Albany,OH
1539,1011 Mount Pleasant Road,Greensburg,PA
1540,St. John the Evangelist Catholic Church,Thibodaux,LA
1542,Ascension of Our Lord,Donaldsonville,LA
1543,Holy Family Catholic Church,Latrobe,PA
1546,Blessed Sacrament Catholic Community,Graham,NC
1548,St. Therese Parish,Garfield Heights,OH
1554,St. Mark,Erie,PA
1555,Blessed Sacrament Church,Erie,PA
1556,"Catholic Church of St. Stephen, Martyr",South Chesapeake,VA
1557,St Francis Xavier Church,Moundsville,WV
1558,St. Gerard Church,Baton Rouge,LA
1564,St. Margaret Catholic Church,Lake Charles,LA
1565,St. Thomas More,Bowling Green,OH
1568,St. Joseph Catholic Church,Prattville,AL
1570,St. Ann Catholic Church,Hamilton,OH
1571,Sacred Heart Church,Fairfield,OH
1572,St. Monica,Garfield Heights,OH
1575,St. Joseph,Vinton,LA
1577,Holy Spirit Parish,Montgomery,AL
1579,St. Paul Parish,Florence,KY
1584,St. Martin's Church,Valley City,OH
1585,Saint Joseph Catholic Church,Chauvin,LA
1587,St. Ambrose Catholic Church,Annandale,VA
1589,Cathedral Basilica of St. Peter in Chains,Cincinnati,OH
1591,Saint Ann Catholic Church,Bartlett,TN
1596,Ascension of Our Lord Parish,LaPlace,LA
1598,Our Lady of the Assumption,Coral,PA
1599,Sacred Heart Parish,Bowmansville,NY
1601,St. Charles Borromeo Catholic Church,Destrehan,LA
1602,St. Mary Parish,Mobile,AL
1605,St Thomas More Catholic Church,Eunice,LA
1606,Sacred Heart of Jesus Catholic Church,Broussard,LA
1608,Sacred Heart of Jesus,Wadsworth,OH
1610,St. John,Perrysburg,OH
1612,Our Lady of the Rosary,Crozet,VA
1614,Little Flower Parish,Canton,OH
1615,Saint Mary Roman Catholic Church,Morgantown,WV
1618,Sacred Heart Catholic Church,Huntington,WV
1621,Northeast 10 Family of Parishes,Tipp City,OH
1622,Immaculate Conception Catholic Church,Clarksville,TN
1623,Ascension Catholic Church,Hurricane,WV
1624,St. Mary Church,Dayto,OH
1626,St John the Evangelist Catholic Church,Waynesville,NC
1627,Christ the King,Lake Charles,LA
1628,St Paul Catholic Church,Athens,AL
1629,Saint Leo Magnus Catholic Church,Ridgway,PA
1630,Church of the Holy Trinity Zoar,Bolivar,OH
1632,Our Lady Queen of Heaven Church,Lake Charles,LA
1635,Sacred Heart,Manassas,VA
1636,Divine Mercy Parish,Massillon,OH
1638,St. Mary's,Garner,NC
1639,St. Michael Catholic Church,Independence,OH
1644,Parishes of Lower Burrell New Kensington,New Kensington,PA
1646,Holy Cross Church,Morgan City,LA
1648,The Catholic Churches of Pleasants & Ritchie Counties,St. Marys,WV
1649,St. Thomas Catholic Church,Montevallo,AL
1651,St. Wendelin Parish,Fostoria,OH
1652,Holy Family,West Newton,PA
1654,St. John the Baptist Roman Catholic Community,Monroe,MI
1655,St. Clare Parish,Cincinnati,OH
1656,St. Patrick,Cleveland,OH
1658,Saint Michael the Archangel,Emlenton,PA
1659,St. Michael's Catholic Church,Florence,AL
1661,St. James Church,New Alexandria,PA
1664,Saint Anthony of Padua,New Orleans,LA
1665,St. Patrick Church,New Orleans,LA
1666,St. Ignatius of Antioch,Antioch,TN
1671,St. Christine Parish,Youngstown,OH
1672,Church of the Incarnation,Charlottesville,VA
1675,St. Peter Parish,Conneautville,PA
1676,St. Kateri,Poquoson,VA
1677,Catholic Church of the Holy Comforter,Charlottesville,VA
1678,St. Gregory,Houma,LA
1680,Church of the Nativity,Thompson's Station,TN
1681,Christ the King Catholic Church,Nashville,TN
1682,St. Alphonsus Catholic Church,Maurice,LA
1686,Saint Mary Catholic Church,Groveport,OH
1687,Gesu Parish,University Heights,OH
1688,Saint James Catholic Church,Falls Church,VA
1689,St. Joseph’s Shrine of St. Katharine Drexel,Columbia,VA
1691,St. Raphael's Church,Carnegie,PA
1693,St. Francis of Assisi,Cordova,TN
1696,St. Sebastian Catholic Church,Belle Vernon,PA
1697,St. Jude,Glen Dale,WV
1698,St. Francis of Assisi,Columbus,OH
1700,St. Francis Xavier,Mckean,PA
1701,Christ Our Savior Parish,Pittsburgh,PA
1702,St. Paul's Church,Weirton,WV
1703,St. Joseph University Parish,Buffalo,NY
1704,St. Ladislas Parish,Westlake,OH
1705,Notre Dame Church,Hermitage,PA
1710,Saint Stanislaus Catholic Church,Erie,PA
1712,Saint Jude,Erie,PA
1714,St. Noel Parish,Willoughby Hills,OH
1715,St. Leonard Church,Heath,OH
1716,Saint Luke Catholic Church,McLean,VA
1720,St. Mary / St. Benedict Parish,Stark,OH
1721,Good Shepherd Catholic Church,Alexandria,VA
1723,St. Peter Parish,Huron,OH
1727,Our Lady of Victory National Shrine & Basilica,Lackawanna,NY
1728,Saint Francis de Sales Catholic Church,Purcellville,VA
1731,Our Lady of the Alleghenies Roman Catholic Parish,Lilly,PA
1732,St. Mary Parish,Vermilion,OH
1733,The Church of the Resurrection,Solon,OH
1734,St. Eugene Catholic Church,Cuyahoga Falls,OH
1736,St. Anselm,Chesterland,OH
1737,St. Raphael Catholic Church,Lehigh Acres,FL
1738,St. James Mission Parish,Emporium,PA
1740,St. Michael Parish,Wheeling,WV
1741,Divine Grace Parish,Cranberry Township,PA
1742,St. Michael the Archangel Parish,Findlay,OH
1743,The Church of St. Anne,Rostraver Township,PA
1746,St. Luke,Lakewood,OH
1748,Queen of Apostles Church,Alexandria,VA
1749,Our Lady of Hope,Patomac Falls,VA
1751,St. John University Parish,Morgantown,WV
1753,St. Joseph Church,Hamilton,OH
1756,St. Mary's Catholic Church,Johnson City,TN
1757,C-1 Family of Parishes,Cincinnati,OH
1760,St. Anthony Parish,Canton,OH
1761,Our Lady of Perpetual Help Parish,Glenshaw,PA
1762,Blessed Sacrament Cathedral,Greensburg,PA
1766,St. Clare of Assisi Parish,Chicora,PA
1767,NE Parishes ,Cincinnati,OH
1769,The Roman Catholic Churches of Uniontown,Uniontown,PA
1770,St. Gabriel,Chesterfield,VA
1771,St. Cecilia Church,Independence,KY
1772,Saint Rita Parish,Solon,OH
1773,St. Charles Borromeo Parish,Boardman,OH
1774,Immaculate Conception Catholic Church,Fairmont,WV
1775,Holy Sepulcher and Saint Kilian Parishes,Butler,PA
1776,St. Mark Catholic Church,Cleveland,OH
1777,The Roman Catholic Parish of St. James the Greater Church & The Chapel of Saint Peter,Charles Town,WV
1779,St. Louis Catholic Church,Memphis,TN
1781,St. Joseph Catholic Church,Marblehead,OH
1782,Our Lady Help of Christians,Cheektowaga,NY
1783,Mother of Sorrows Church,Murrysville,PA
1786,St. Teresa of Avila,Sheffield Village,OH
1788,St. John Vianney,Mundys Corner,PA
1791,St. Mary Parish,Oak Ridge,TN
1792,SS. Cyril & Methodius,Fairchance,PA
1793,St. Henry,Dayton,OH
1794,St. Vincent de Paul Catholic Parish,Akron,OH
1795,Saint Joseph Calasanctius Catholic Church,Jefferson,OH
1796,Notre Dame Church,Greeneville,TN
1797,Saint Paul Parish,Greensburg,PA
1798,St. Patrick,Providence,OH
1799,St. Paul of the Cross,Pittsburgh,PA
1800,Our Lady of Angels Catholic Church,Woodbridge,VA
1809,Churches of St. Peter & St. Cecilia,Brownsville,PA
1812,Our Lady of Grace,Hinckley,OH
1814,St. Raphael Parish,Bay Village,OH
1815,St Gabriel Tri County,Glendade,OH
4000,St. Theresa Catholic Church,Ashburn,VA
4001,St. Jude Church,Fredericksburg,VA
4002,Saint John the Baptist Roman Catholic Church,Front Royal,VA
4003,St. Thomas Aquinas,Charlotte,NC
4004,Saint Vincent de Paul Catholic Church,Cleveland,Ohio
4005,Holy Cross Church,Covington,KY
4007,St. Gertrude and Christ the King,Vandergrift,PA
4008,St. Anthony Catholic Church,Southern Pines,NC
4009,St Mark Catholic Church,Wilmington,NC
4010,Saint Egbert Catholic Church and School,Morehead City,NV
4011,The Basilica of St. Mary,Wilmington,NV
4012,St. Mildred,Swansboro,NC
4013,Our Lady of Lourdes,Raleigh,NC
4014,St. Anthony Church,Follansbee,WV
4015,St. Ann's,Charlotte,NC
4016,Nuestra Señora de Guadalupe,Charlotte,NC
4017,St. Michael Catholic Church & School,Gastonia,NC
4018,Our Lady of Victory Catholic Church,State College,PA
4019,Holy Name Church,Ebensburg,PA
4020,Saint Marys Parish,Nanty Glo,PA
